time,dxy,us10y
2021-01-05 06:00:00+08:00,111.2075,0.93
2021-01-06 06:00:00+08:00,110.9574,0.96
2021-01-07 06:00:00+08:00,110.8502,1.04
2021-01-08 06:00:00+08:00,111.3042,1.08
2021-01-09 06:00:00+08:00,111.2847,1.13
2021-01-12 06:00:00+08:00,111.8257,1.15
2021-01-13 06:00:00+08:00,111.5501,1.15
2021-01-14 06:00:00+08:00,111.3622,1.1
2021-01-15 06:00:00+08:00,111.1567,1.15
2021-01-16 06:00:00+08:00,111.5106,1.11
2021-01-19 06:00:00+08:00,111.5106,1.11
2021-01-20 06:00:00+08:00,111.4527,1.1
2021-01-21 06:00:00+08:00,111.4527,1.1
2021-01-22 06:00:00+08:00,111.1973,1.12
2021-01-23 06:00:00+08:00,111.5516,1.1
2021-01-26 06:00:00+08:00,111.8676,1.05
2021-01-27 06:00:00+08:00,111.6572,1.05
2021-01-28 06:00:00+08:00,112.0782,1.04
2021-01-29 06:00:00+08:00,112.0059,1.07
2021-01-30 06:00:00+08:00,111.9511,1.11
2021-02-02 06:00:00+08:00,112.4189,1.09
2021-02-03 06:00:00+08:00,112.2862,1.12
2021-02-04 06:00:00+08:00,112.2567,1.15
2021-02-05 06:00:00+08:00,112.7469,1.15
2021-02-06 06:00:00+08:00,112.2379,1.19
2021-02-09 06:00:00+08:00,112.0428,1.19
2021-02-10 06:00:00+08:00,111.7675,1.18
2021-02-11 06:00:00+08:00,111.5834,1.15
2021-02-12 06:00:00+08:00,111.5272,1.16
2021-02-13 06:00:00+08:00,111.4889,1.2
2021-02-16 06:00:00+08:00,111.4889,1.2
2021-02-17 06:00:00+08:00,111.7879,1.3
2021-02-18 06:00:00+08:00,112.0204,1.29
2021-02-19 06:00:00+08:00,112.1603,1.29
2021-02-20 06:00:00+08:00,111.7058,1.34
2021-02-23 06:00:00+08:00,111.918,1.37
2021-02-24 06:00:00+08:00,111.8981,1.37
2021-02-25 06:00:00+08:00,111.7212,1.38
2021-02-26 06:00:00+08:00,111.9253,1.54
2021-02-27 06:00:00+08:00,112.8306,1.44
2021-03-02 06:00:00+08:00,112.5263,1.45
2021-03-03 06:00:00+08:00,112.5342,1.42
2021-03-04 06:00:00+08:00,112.7617,1.47
2021-03-05 06:00:00+08:00,112.7037,1.54
2021-03-06 06:00:00+08:00,113.7487,1.56
2021-03-09 06:00:00+08:00,114.2678,1.59
2021-03-10 06:00:00+08:00,113.928,1.55
2021-03-11 06:00:00+08:00,113.5881,1.53
2021-03-12 06:00:00+08:00,112.9214,1.54
2021-03-13 06:00:00+08:00,113.0269,1.64
2021-03-16 06:00:00+08:00,113.1928,1.62
2021-03-17 06:00:00+08:00,112.9839,1.62
2021-03-18 06:00:00+08:00,113.1589,1.63
2021-03-19 06:00:00+08:00,112.7744,1.71
2021-03-20 06:00:00+08:00,112.9756,1.74
2021-03-23 06:00:00+08:00,113.0023,1.69
2021-03-24 06:00:00+08:00,113.2916,1.63
2021-03-25 06:00:00+08:00,113.6565,1.62
2021-03-26 06:00:00+08:00,114.0016,1.63
2021-03-27 06:00:00+08:00,113.7406,1.67
2021-03-30 06:00:00+08:00,113.9314,1.73
2021-03-31 06:00:00+08:00,114.203,1.73
2021-04-01 06:00:00+08:00,113.8234,1.74
2021-04-02 06:00:00+08:00,113.7389,1.69
2021-04-03 06:00:00+08:00,113.7315,1.72
2021-04-06 06:00:00+08:00,113.394,1.73
2021-04-07 06:00:00+08:00,113.1464,1.67
2021-04-08 06:00:00+08:00,113.2436,1.68
2021-04-09 06:00:00+08:00,113.0917,1.64
2021-04-10 06:00:00+08:00,113.2028,1.67
2021-04-13 06:00:00+08:00,113.1815,1.69
2021-04-14 06:00:00+08:00,113.0391,1.64
2021-04-15 06:00:00+08:00,112.7849,1.64
2021-04-16 06:00:00+08:00,112.6181,1.56
2021-04-17 06:00:00+08:00,112.4814,1.59
2021-04-20 06:00:00+08:00,112.1835,1.61
2021-04-21 06:00:00+08:00,112.2354,1.58
2021-04-22 06:00:00+08:00,112.1771,1.57
2021-04-23 06:00:00+08:00,112.2297,1.57
2021-04-24 06:00:00+08:00,112.0889,1.58
2021-04-27 06:00:00+08:00,111.8109,1.58
2021-04-28 06:00:00+08:00,111.9097,1.63
2021-04-29 06:00:00+08:00,111.7909,1.63
2021-04-30 06:00:00+08:00,111.7464,1.65
2021-05-01 06:00:00+08:00,112.0839,1.65
2021-05-04 06:00:00+08:00,112.005,1.63
2021-05-05 06:00:00+08:00,112.2896,1.61
2021-05-06 06:00:00+08:00,112.1514,1.59
2021-05-07 06:00:00+08:00,111.8401,1.58
2021-05-08 06:00:00+08:00,111.0249,1.6
2021-05-11 06:00:00+08:00,110.7905,1.63
2021-05-12 06:00:00+08:00,110.8921,1.64
2021-05-13 06:00:00+08:00,111.5636,1.69
2021-05-14 06:00:00+08:00,111.5955,1.66
2021-05-15 06:00:00+08:00,111.1353,1.63
2021-05-18 06:00:00+08:00,111.079,1.64
2021-05-19 06:00:00+08:00,110.8317,1.64
2021-05-20 06:00:00+08:00,110.8807,1.68
2021-05-21 06:00:00+08:00,110.8605,1.63
2021-05-22 06:00:00+08:00,111.0576,1.63
2021-05-25 06:00:00+08:00,110.9118,1.61
2021-05-26 06:00:00+08:00,110.842,1.56
2021-05-27 06:00:00+08:00,110.8677,1.58
2021-05-28 06:00:00+08:00,110.8688,1.61
2021-05-29 06:00:00+08:00,110.7576,1.58
2021-06-01 06:00:00+08:00,110.7576,1.58
2021-06-02 06:00:00+08:00,110.5046,1.62
2021-06-03 06:00:00+08:00,110.5799,1.59
2021-06-04 06:00:00+08:00,111.1782,1.63
2021-06-05 06:00:00+08:00,110.7521,1.56
2021-06-08 06:00:00+08:00,110.5155,1.57
2021-06-09 06:00:00+08:00,110.649,1.53
2021-06-10 06:00:00+08:00,110.5707,1.5
2021-06-11 06:00:00+08:00,110.5456,1.45
2021-06-12 06:00:00+08:00,111.0933,1.47
2021-06-15 06:00:00+08:00,110.9659,1.51
2021-06-16 06:00:00+08:00,111.3507,1.51
2021-06-17 06:00:00+08:00,111.1165,1.57
2021-06-18 06:00:00+08:00,112.5772,1.52
2021-06-19 06:00:00+08:00,113.0408,1.45
2021-06-22 06:00:00+08:00,112.8391,1.5
2021-06-23 06:00:00+08:00,112.9174,1.48
2021-06-24 06:00:00+08:00,112.3819,1.5
2021-06-25 06:00:00+08:00,112.326,1.49
2021-06-26 06:00:00+08:00,111.9655,1.54
2021-06-29 06:00:00+08:00,112.0248,1.49
2021-06-30 06:00:00+08:00,112.2613,1.49
2021-07-01 06:00:00+08:00,112.5533,1.45
2021-07-02 06:00:00+08:00,112.74,1.48
2021-07-03 06:00:00+08:00,112.5425,1.44
2021-07-06 06:00:00+08:00,112.5425,1.44
2021-07-07 06:00:00+08:00,112.9516,1.37
2021-07-08 06:00:00+08:00,113.1048,1.33
2021-07-09 06:00:00+08:00,113.0776,1.3
2021-07-10 06:00:00+08:00,112.8375,1.37
2021-07-13 06:00:00+08:00,112.7611,1.38
2021-07-14 06:00:00+08:00,113.0063,1.42
2021-07-15 06:00:00+08:00,112.8801,1.37
2021-07-16 06:00:00+08:00,113.0041,1.31
2021-07-17 06:00:00+08:00,113.0428,1.31
2021-07-20 06:00:00+08:00,113.5472,1.19
2021-07-21 06:00:00+08:00,113.7502,1.23
2021-07-22 06:00:00+08:00,113.3926,1.3
2021-07-23 06:00:00+08:00,113.4695,1.27
2021-07-24 06:00:00+08:00,113.4398,1.3
2021-07-27 06:00:00+08:00,113.2238,1.29
2021-07-28 06:00:00+08:00,113.2227,1.25
2021-07-29 06:00:00+08:00,113.1807,1.26
2021-07-30 06:00:00+08:00,112.4834,1.28
2021-07-31 06:00:00+08:00,112.6714,1.24
2021-08-03 06:00:00+08:00,112.6691,1.2
2021-08-04 06:00:00+08:00,112.8228,1.19
2021-08-05 06:00:00+08:00,112.8953,1.19
2021-08-06 06:00:00+08:00,112.7674,1.23
2021-08-07 06:00:00+08:00,113.3088,1.31
2021-08-10 06:00:00+08:00,113.4521,1.33
2021-08-11 06:00:00+08:00,113.4973,1.36
2021-08-12 06:00:00+08:00,113.282,1.35
2021-08-13 06:00:00+08:00,113.2691,1.36
2021-08-14 06:00:00+08:00,113.0615,1.29
2021-08-17 06:00:00+08:00,113.1698,1.26
2021-08-18 06:00:00+08:00,113.6174,1.26
2021-08-19 06:00:00+08:00,113.6959,1.27
2021-08-20 06:00:00+08:00,114.1106,1.24
2021-08-21 06:00:00+08:00,114.5009,1.26
2021-08-24 06:00:00+08:00,113.9418,1.25
2021-08-25 06:00:00+08:00,113.6795,1.29
2021-08-26 06:00:00+08:00,113.6322,1.35
2021-08-27 06:00:00+08:00,113.7883,1.34
2021-08-28 06:00:00+08:00,113.3404,1.31
2021-08-31 06:00:00+08:00,113.246,1.29
2021-09-01 06:00:00+08:00,113.1076,1.3
2021-09-02 06:00:00+08:00,112.8732,1.31
2021-09-03 06:00:00+08:00,112.7863,1.29
2021-09-04 06:00:00+08:00,112.5476,1.33
2021-09-07 06:00:00+08:00,112.5476,1.33
2021-09-08 06:00:00+08:00,112.9795,1.38
2021-09-09 06:00:00+08:00,113.2319,1.35
2021-09-10 06:00:00+08:00,113.043,1.3
2021-09-11 06:00:00+08:00,112.9425,1.35
2021-09-14 06:00:00+08:00,113.0341,1.33
2021-09-15 06:00:00+08:00,113.0061,1.28
2021-09-16 06:00:00+08:00,112.9773,1.31
2021-09-17 06:00:00+08:00,113.3036,1.34
2021-09-18 06:00:00+08:00,113.5989,1.37
2021-09-21 06:00:00+08:00,113.9422,1.31
2021-09-22 06:00:00+08:00,113.8179,1.33
2021-09-23 06:00:00+08:00,113.6223,1.32
2021-09-24 06:00:00+08:00,113.513,1.41
2021-09-25 06:00:00+08:00,113.7597,1.47
2021-09-28 06:00:00+08:00,113.7432,1.48
2021-09-29 06:00:00+08:00,114.2469,1.54
2021-09-30 06:00:00+08:00,114.7092,1.55
2021-10-01 06:00:00+08:00,114.6403,1.52
2021-10-02 06:00:00+08:00,114.3798,1.48
2021-10-05 06:00:00+08:00,114.2739,1.49
2021-10-06 06:00:00+08:00,114.3654,1.54
2021-10-07 06:00:00+08:00,114.7185,1.53
2021-10-08 06:00:00+08:00,114.5044,1.58
2021-10-09 06:00:00+08:00,114.5986,1.61
2021-10-12 06:00:00+08:00,114.5986,1.61
2021-10-13 06:00:00+08:00,114.7542,1.59
2021-10-14 06:00:00+08:00,114.4705,1.56
2021-10-15 06:00:00+08:00,114.2053,1.52
2021-10-16 06:00:00+08:00,114.0905,1.59
2021-10-19 06:00:00+08:00,113.9899,1.59
2021-10-20 06:00:00+08:00,113.647,1.65
2021-10-21 06:00:00+08:00,113.5083,1.65
2021-10-22 06:00:00+08:00,113.6188,1.68
2021-10-23 06:00:00+08:00,113.67,1.66
2021-10-26 06:00:00+08:00,113.605,1.64
2021-10-27 06:00:00+08:00,113.674,1.63
2021-10-28 06:00:00+08:00,113.6218,1.54
2021-10-29 06:00:00+08:00,113.4389,1.57
2021-10-30 06:00:00+08:00,114.1349,1.55
2021-11-02 06:00:00+08:00,114.2067,1.58
2021-11-03 06:00:00+08:00,114.2847,1.56
2021-11-04 06:00:00+08:00,114.3593,1.6
2021-11-05 06:00:00+08:00,114.3558,1.53
2021-11-06 06:00:00+08:00,114.0732,1.45
2021-11-09 06:00:00+08:00,113.8256,1.51
2021-11-10 06:00:00+08:00,113.762,1.46
2021-11-11 06:00:00+08:00,114.1484,1.56
2021-11-12 06:00:00+08:00,114.1484,1.56
2021-11-13 06:00:00+08:00,114.5144,1.58
2021-11-16 06:00:00+08:00,114.5876,1.63
2021-11-17 06:00:00+08:00,115.136,1.63
2021-11-18 06:00:00+08:00,115.0263,1.6
2021-11-19 06:00:00+08:00,115.0678,1.59
2021-11-20 06:00:00+08:00,115.2187,1.54
2021-11-23 06:00:00+08:00,115.6481,1.63
2021-11-24 06:00:00+08:00,116.0118,1.67
2021-11-25 06:00:00+08:00,116.2711,1.64
2021-11-26 06:00:00+08:00,116.2711,1.64
2021-11-27 06:00:00+08:00,116.5103,1.48
2021-11-30 06:00:00+08:00,116.581,1.52
2021-12-01 06:00:00+08:00,116.2071,1.43
2021-12-02 06:00:00+08:00,115.889,1.43
2021-12-03 06:00:00+08:00,116.018,1.44
2021-12-04 06:00:00+08:00,116.2377,1.35
2021-12-07 06:00:00+08:00,116.1538,1.43
2021-12-08 06:00:00+08:00,115.8555,1.48
2021-12-09 06:00:00+08:00,115.4418,1.52
2021-12-10 06:00:00+08:00,115.7784,1.49
2021-12-11 06:00:00+08:00,115.5732,1.48
2021-12-14 06:00:00+08:00,115.842,1.42
2021-12-15 06:00:00+08:00,116.2397,1.44
2021-12-16 06:00:00+08:00,116.4219,1.47
2021-12-17 06:00:00+08:00,115.7146,1.44
2021-12-18 06:00:00+08:00,115.791,1.41
2021-12-21 06:00:00+08:00,116.0092,1.43
2021-12-22 06:00:00+08:00,116.1089,1.48
2021-12-23 06:00:00+08:00,115.7485,1.46
2021-12-24 06:00:00+08:00,115.5337,1.5
2021-12-25 06:00:00+08:00,115.5337,1.5
2021-12-28 06:00:00+08:00,115.4684,1.48
2021-12-29 06:00:00+08:00,115.4192,1.49
2021-12-30 06:00:00+08:00,115.3678,1.55
2021-12-31 06:00:00+08:00,115.283,1.52
2022-01-01 06:00:00+08:00,115.283,1.52
2022-01-04 06:00:00+08:00,115.4101,1.63
2022-01-05 06:00:00+08:00,115.3103,1.66
2022-01-06 06:00:00+08:00,115.137,1.71
2022-01-07 06:00:00+08:00,115.4046,1.73
2022-01-08 06:00:00+08:00,115.0451,1.76
2022-01-11 06:00:00+08:00,115.2216,1.78
2022-01-12 06:00:00+08:00,114.8332,1.75
2022-01-13 06:00:00+08:00,114.355,1.74
2022-01-14 06:00:00+08:00,114.177,1.7
2022-01-15 06:00:00+08:00,114.3825,1.78
2022-01-18 06:00:00+08:00,114.3825,1.78
2022-01-19 06:00:00+08:00,114.7373,1.87
2022-01-20 06:00:00+08:00,114.6109,1.83
2022-01-21 06:00:00+08:00,114.4642,1.83
2022-01-22 06:00:00+08:00,114.6125,1.75
2022-01-25 06:00:00+08:00,115.2034,1.75
2022-01-26 06:00:00+08:00,115.1654,1.78
2022-01-27 06:00:00+08:00,115.0922,1.85
2022-01-28 06:00:00+08:00,115.978,1.81
2022-01-29 06:00:00+08:00,116.0393,1.78
2022-02-01 06:00:00+08:00,115.566,1.79
2022-02-02 06:00:00+08:00,115.3685,1.81
2022-02-03 06:00:00+08:00,115.1538,1.78
2022-02-04 06:00:00+08:00,114.9065,1.82
2022-02-05 06:00:00+08:00,115.1362,1.93
2022-02-08 06:00:00+08:00,115.0098,1.92
2022-02-09 06:00:00+08:00,115.0892,1.96
2022-02-10 06:00:00+08:00,114.8232,1.94
2022-02-11 06:00:00+08:00,114.5527,2.03
2022-02-12 06:00:00+08:00,114.8413,1.92
2022-02-15 06:00:00+08:00,115.1946,1.98
2022-02-16 06:00:00+08:00,114.93,2.05
2022-02-17 06:00:00+08:00,114.6886,2.03
2022-02-18 06:00:00+08:00,114.6755,1.97
2022-02-19 06:00:00+08:00,114.7982,1.92
2022-02-22 06:00:00+08:00,114.7982,1.92
2022-02-23 06:00:00+08:00,114.7002,1.94
2022-02-24 06:00:00+08:00,114.6668,1.99
2022-02-25 06:00:00+08:00,115.9419,1.96
2022-02-26 06:00:00+08:00,115.2577,1.97
2022-03-01 06:00:00+08:00,115.2224,1.83
2022-03-02 06:00:00+08:00,115.7962,1.72
2022-03-03 06:00:00+08:00,115.7623,1.86
2022-03-04 06:00:00+08:00,115.9495,1.86
2022-03-05 06:00:00+08:00,116.6503,1.74
2022-03-08 06:00:00+08:00,117.3278,1.78
2022-03-09 06:00:00+08:00,117.6176,1.86
2022-03-10 06:00:00+08:00,116.5961,1.94
2022-03-11 06:00:00+08:00,116.7401,1.98
2022-03-12 06:00:00+08:00,117.0192,2.0
2022-03-15 06:00:00+08:00,117.1506,2.14
2022-03-16 06:00:00+08:00,117.246,2.15
2022-03-17 06:00:00+08:00,116.8073,2.19
2022-03-18 06:00:00+08:00,116.0467,2.2
2022-03-19 06:00:00+08:00,116.1378,2.14
2022-03-22 06:00:00+08:00,115.9398,2.32
2022-03-23 06:00:00+08:00,116.0824,2.38
2022-03-24 06:00:00+08:00,116.005,2.32
2022-03-25 06:00:00+08:00,115.9599,2.34
2022-03-26 06:00:00+08:00,115.7921,2.48
2022-03-29 06:00:00+08:00,116.1911,2.46
2022-03-30 06:00:00+08:00,115.5679,2.41
2022-03-31 06:00:00+08:00,115.0818,2.35
2022-04-01 06:00:00+08:00,115.2218,2.32
2022-04-02 06:00:00+08:00,115.4814,2.39
2022-04-05 06:00:00+08:00,115.4112,2.42
2022-04-06 06:00:00+08:00,115.73,2.54
2022-04-07 06:00:00+08:00,115.9995,2.61
2022-04-08 06:00:00+08:00,116.3512,2.66
2022-04-09 06:00:00+08:00,116.4176,2.72
2022-04-12 06:00:00+08:00,116.5401,2.79
2022-04-13 06:00:00+08:00,116.3866,2.72
2022-04-14 06:00:00+08:00,116.2796,2.7
2022-04-15 06:00:00+08:00,116.7558,2.83
2022-04-16 06:00:00+08:00,116.7017,2.83
2022-04-19 06:00:00+08:00,116.8441,2.85
2022-04-20 06:00:00+08:00,117.1324,2.93
2022-04-21 06:00:00+08:00,116.7306,2.85
2022-04-22 06:00:00+08:00,117.1432,2.9
2022-04-23 06:00:00+08:00,118.0186,2.9
2022-04-26 06:00:00+08:00,118.6271,2.81
2022-04-27 06:00:00+08:00,118.9624,2.77
2022-04-28 06:00:00+08:00,119.4708,2.82
2022-04-29 06:00:00+08:00,120.0675,2.85
2022-04-30 06:00:00+08:00,119.4933,2.89
2022-05-03 06:00:00+08:00,119.8825,2.99
2022-05-04 06:00:00+08:00,119.7043,2.97
2022-05-05 06:00:00+08:00,119.5592,2.93
2022-05-06 06:00:00+08:00,120.0068,3.05
2022-05-07 06:00:00+08:00,119.8577,3.12
2022-05-10 06:00:00+08:00,120.4972,3.05
2022-05-11 06:00:00+08:00,120.7742,2.99
2022-05-12 06:00:00+08:00,120.3925,2.91
2022-05-13 06:00:00+08:00,121.2796,2.84
2022-05-14 06:00:00+08:00,120.8442,2.93
2022-05-17 06:00:00+08:00,120.6881,2.88
2022-05-18 06:00:00+08:00,119.8871,2.98
2022-05-19 06:00:00+08:00,120.0274,2.89
2022-05-20 06:00:00+08:00,119.4278,2.84
2022-05-21 06:00:00+08:00,119.3677,2.78
2022-05-24 06:00:00+08:00,118.7169,2.86
2022-05-25 06:00:00+08:00,118.6245,2.76
2022-05-26 06:00:00+08:00,118.9598,2.75
2022-05-27 06:00:00+08:00,118.7687,2.75
2022-05-28 06:00:00+08:00,118.2834,2.74
2022-05-31 06:00:00+08:00,118.2834,2.74
2022-06-01 06:00:00+08:00,118.0704,2.85
2022-06-02 06:00:00+08:00,118.6954,2.94
2022-06-03 06:00:00+08:00,118.0658,2.92
2022-06-04 06:00:00+08:00,118.2153,2.96
2022-06-07 06:00:00+08:00,118.3081,3.04
2022-06-08 06:00:00+08:00,118.4414,2.98
2022-06-09 06:00:00+08:00,118.3951,3.03
2022-06-10 06:00:00+08:00,118.9226,3.04
2022-06-11 06:00:00+08:00,119.9981,3.15
2022-06-14 06:00:00+08:00,121.1523,3.43
2022-06-15 06:00:00+08:00,121.6669,3.49
2022-06-16 06:00:00+08:00,121.6403,3.33
2022-06-17 06:00:00+08:00,120.6714,3.28
2022-06-18 06:00:00+08:00,121.2369,3.25
2022-06-21 06:00:00+08:00,121.2369,3.25
2022-06-22 06:00:00+08:00,120.6427,3.31
2022-06-23 06:00:00+08:00,120.5197,3.16
2022-06-24 06:00:00+08:00,120.7622,3.09
2022-06-25 06:00:00+08:00,120.4853,3.13
2022-06-28 06:00:00+08:00,120.1736,3.2
2022-06-29 06:00:00+08:00,120.62,3.2
2022-06-30 06:00:00+08:00,120.9616,3.1
2022-07-01 06:00:00+08:00,120.9652,2.98
2022-07-02 06:00:00+08:00,121.5058,2.88
2022-07-05 06:00:00+08:00,121.5058,2.88
2022-07-06 06:00:00+08:00,122.6203,2.82
2022-07-07 06:00:00+08:00,123.0073,2.93
2022-07-08 06:00:00+08:00,122.7257,3.01
2022-07-09 06:00:00+08:00,122.4662,3.09
2022-07-12 06:00:00+08:00,123.2974,2.99
2022-07-13 06:00:00+08:00,123.4524,2.96
2022-07-14 06:00:00+08:00,123.2834,2.91
2022-07-15 06:00:00+08:00,124.0622,2.96
2022-07-16 06:00:00+08:00,123.4765,2.93
2022-07-19 06:00:00+08:00,122.7727,2.96
2022-07-20 06:00:00+08:00,122.4819,3.01
2022-07-21 06:00:00+08:00,122.5997,3.04
2022-07-22 06:00:00+08:00,122.9032,2.91
2022-07-23 06:00:00+08:00,122.451,2.77
2022-07-26 06:00:00+08:00,122.4594,2.81
2022-07-27 06:00:00+08:00,122.7581,2.81
2022-07-28 06:00:00+08:00,122.8169,2.78
2022-07-29 06:00:00+08:00,122.1161,2.68
2022-07-30 06:00:00+08:00,121.7678,2.67
2022-08-02 06:00:00+08:00,121.4109,2.6
2022-08-03 06:00:00+08:00,121.9486,2.75
2022-08-04 06:00:00+08:00,122.3888,2.73
2022-08-05 06:00:00+08:00,121.8333,2.68
2022-08-06 06:00:00+08:00,122.321,2.83
2022-08-09 06:00:00+08:00,121.8783,2.77
2022-08-10 06:00:00+08:00,121.8614,2.8
2022-08-11 06:00:00+08:00,120.7543,2.78
2022-08-12 06:00:00+08:00,120.7163,2.87
2022-08-13 06:00:00+08:00,121.018,2.84
2022-08-16 06:00:00+08:00,121.4315,2.79
2022-08-17 06:00:00+08:00,121.6807,2.82
2022-08-18 06:00:00+08:00,122.0711,2.89
2022-08-19 06:00:00+08:00,122.3627,2.88
2022-08-20 06:00:00+08:00,123.0501,2.98
2022-08-23 06:00:00+08:00,123.605,3.03
2022-08-24 06:00:00+08:00,123.0547,3.05
2022-08-25 06:00:00+08:00,123.109,3.11
2022-08-26 06:00:00+08:00,123.0586,3.03
2022-08-27 06:00:00+08:00,123.0656,3.04
2022-08-30 06:00:00+08:00,123.4686,3.12
2022-08-31 06:00:00+08:00,123.6848,3.11
2022-09-01 06:00:00+08:00,123.535,3.15
2022-09-02 06:00:00+08:00,124.4006,3.26
2022-09-03 06:00:00+08:00,123.7743,3.2
2022-09-06 06:00:00+08:00,123.7743,3.2
2022-09-07 06:00:00+08:00,124.767,3.33
2022-09-08 06:00:00+08:00,124.8408,3.27
2022-09-09 06:00:00+08:00,124.578,3.29
2022-09-10 06:00:00+08:00,123.7874,3.33
2022-09-13 06:00:00+08:00,123.3332,3.37
2022-09-14 06:00:00+08:00,124.4242,3.42
2022-09-15 06:00:00+08:00,124.4509,3.41
2022-09-16 06:00:00+08:00,124.8843,3.45
2022-09-17 06:00:00+08:00,124.8794,3.45
2022-09-20 06:00:00+08:00,125.0104,3.49
2022-09-21 06:00:00+08:00,125.1248,3.57
2022-09-22 06:00:00+08:00,125.7399,3.51
2022-09-23 06:00:00+08:00,126.1667,3.7
2022-09-24 06:00:00+08:00,127.2853,3.69
2022-09-27 06:00:00+08:00,128.4539,3.88
2022-09-28 06:00:00+08:00,128.4386,3.97
2022-09-29 06:00:00+08:00,128.0884,3.72
2022-09-30 06:00:00+08:00,127.5437,3.76
2022-10-01 06:00:00+08:00,127.5148,3.83
2022-10-04 06:00:00+08:00,127.0813,3.67
2022-10-05 06:00:00+08:00,126.1819,3.62
2022-10-06 06:00:00+08:00,126.8616,3.76
2022-10-07 06:00:00+08:00,127.2493,3.83
2022-10-08 06:00:00+08:00,127.3111,3.89
2022-10-11 06:00:00+08:00,127.3111,3.89
2022-10-12 06:00:00+08:00,127.6641,3.93
2022-10-13 06:00:00+08:00,128.1481,3.91
2022-10-14 06:00:00+08:00,127.7286,3.97
2022-10-15 06:00:00+08:00,128.3325,4.0
2022-10-18 06:00:00+08:00,127.6448,4.02
2022-10-19 06:00:00+08:00,127.9153,4.01
2022-10-20 06:00:00+08:00,128.3968,4.14
2022-10-21 06:00:00+08:00,128.0052,4.24
2022-10-22 06:00:00+08:00,127.6735,4.21
2022-10-25 06:00:00+08:00,128.0304,4.25
2022-10-26 06:00:00+08:00,127.3771,4.1
2022-10-27 06:00:00+08:00,126.4723,4.04
2022-10-28 06:00:00+08:00,126.7028,3.96
2022-10-29 06:00:00+08:00,127.2135,4.02
2022-11-01 06:00:00+08:00,127.6219,4.1
2022-11-02 06:00:00+08:00,127.3987,4.07
2022-11-03 06:00:00+08:00,127.3115,4.1
2022-11-04 06:00:00+08:00,128.1743,4.14
2022-11-05 06:00:00+08:00,127.1468,4.17
2022-11-08 06:00:00+08:00,126.3062,4.22
2022-11-09 06:00:00+08:00,125.633,4.14
2022-11-10 06:00:00+08:00,125.9861,4.12
2022-11-11 06:00:00+08:00,124.7044,3.82
2022-11-12 06:00:00+08:00,124.7044,3.82
2022-11-15 06:00:00+08:00,123.4277,3.88
2022-11-16 06:00:00+08:00,123.039,3.8
2022-11-17 06:00:00+08:00,123.2817,3.67
2022-11-18 06:00:00+08:00,123.977,3.77
2022-11-19 06:00:00+08:00,123.8524,3.82
2022-11-22 06:00:00+08:00,124.7009,3.83
2022-11-23 06:00:00+08:00,124.2365,3.76
2022-11-24 06:00:00+08:00,123.7574,3.71
2022-11-25 06:00:00+08:00,123.7574,3.71
2022-11-26 06:00:00+08:00,123.3386,3.68
2022-11-29 06:00:00+08:00,123.6032,3.69
2022-11-30 06:00:00+08:00,123.6615,3.75
2022-12-01 06:00:00+08:00,123.5175,3.68
2022-12-02 06:00:00+08:00,122.0045,3.53
2022-12-03 06:00:00+08:00,122.0102,3.51
2022-12-06 06:00:00+08:00,122.6384,3.6
2022-12-07 06:00:00+08:00,123.0191,3.51
2022-12-08 06:00:00+08:00,122.7608,3.42
2022-12-09 06:00:00+08:00,122.4152,3.48
2022-12-10 06:00:00+08:00,122.4201,3.57
2022-12-13 06:00:00+08:00,122.7714,3.61
2022-12-14 06:00:00+08:00,121.8493,3.51
2022-12-15 06:00:00+08:00,121.8226,3.49
2022-12-16 06:00:00+08:00,122.5519,3.44
2022-12-17 06:00:00+08:00,122.6505,3.48
2022-12-20 06:00:00+08:00,122.5275,3.57
2022-12-21 06:00:00+08:00,122.1357,3.69
2022-12-22 06:00:00+08:00,122.2828,3.68
2022-12-23 06:00:00+08:00,122.2419,3.67
2022-12-24 06:00:00+08:00,121.9743,3.75
2022-12-27 06:00:00+08:00,121.9743,3.75
2022-12-28 06:00:00+08:00,121.7539,3.84
2022-12-29 06:00:00+08:00,122.0075,3.88
2022-12-30 06:00:00+08:00,121.6577,3.83
2022-12-31 06:00:00+08:00,121.4256,3.88
2023-01-03 06:00:00+08:00,121.4256,3.88
2023-01-04 06:00:00+08:00,122.0905,3.79
2023-01-05 06:00:00+08:00,121.5008,3.69
2023-01-06 06:00:00+08:00,122.1017,3.71
2023-01-07 06:00:00+08:00,121.0852,3.55
2023-01-10 06:00:00+08:00,120.1508,3.53
2023-01-11 06:00:00+08:00,120.2483,3.61
2023-01-12 06:00:00+08:00,120.1614,3.54
2023-01-13 06:00:00+08:00,119.4218,3.43
2023-01-14 06:00:00+08:00,119.1673,3.49
2023-01-17 06:00:00+08:00,119.1673,3.49
2023-01-18 06:00:00+08:00,119.2121,3.53
2023-01-19 06:00:00+08:00,119.0755,3.37
2023-01-20 06:00:00+08:00,119.6107,3.39
2023-01-21 06:00:00+08:00,119.3486,3.48
2023-01-24 06:00:00+08:00,119.1434,3.52
2023-01-25 06:00:00+08:00,119.0958,3.46
2023-01-26 06:00:00+08:00,118.9686,3.46
2023-01-27 06:00:00+08:00,119.021,3.49
2023-01-28 06:00:00+08:00,118.9223,3.52
2023-01-31 06:00:00+08:00,118.8953,3.55
2023-02-01 06:00:00+08:00,118.9802,3.52
2023-02-02 06:00:00+08:00,118.6259,3.39
2023-02-03 06:00:00+08:00,118.3421,3.4
2023-02-04 06:00:00+08:00,119.5095,3.53
2023-02-07 06:00:00+08:00,120.541,3.63
2023-02-08 06:00:00+08:00,120.3475,3.67
2023-02-09 06:00:00+08:00,120.1436,3.63
2023-02-10 06:00:00+08:00,119.9781,3.67
2023-02-11 06:00:00+08:00,120.1419,3.74
2023-02-14 06:00:00+08:00,119.9828,3.72
2023-02-15 06:00:00+08:00,119.9229,3.77
2023-02-16 06:00:00+08:00,120.4557,3.81
2023-02-17 06:00:00+08:00,120.4651,3.86
2023-02-18 06:00:00+08:00,120.5526,3.82
2023-02-21 06:00:00+08:00,120.5526,3.82
2023-02-22 06:00:00+08:00,120.6256,3.95
2023-02-23 06:00:00+08:00,120.8389,3.93
2023-02-24 06:00:00+08:00,121.0896,3.88
2023-02-25 06:00:00+08:00,121.5681,3.95
2023-02-28 06:00:00+08:00,121.3941,3.92
2023-03-01 06:00:00+08:00,121.3341,3.92
2023-03-02 06:00:00+08:00,120.6347,4.01
2023-03-03 06:00:00+08:00,121.1302,4.08
2023-03-04 06:00:00+08:00,120.7742,3.97
2023-03-07 06:00:00+08:00,120.485,3.98
2023-03-08 06:00:00+08:00,121.4623,3.97
2023-03-09 06:00:00+08:00,121.4511,3.98
2023-03-10 06:00:00+08:00,121.4458,3.93
2023-03-11 06:00:00+08:00,121.2421,3.7
2023-03-14 06:00:00+08:00,120.8897,3.55
2023-03-15 06:00:00+08:00,121.0141,3.64
2023-03-16 06:00:00+08:00,122.1079,3.51
2023-03-17 06:00:00+08:00,121.7221,3.56
2023-03-18 06:00:00+08:00,121.5643,3.39
2023-03-21 06:00:00+08:00,121.0141,3.47
2023-03-22 06:00:00+08:00,120.8958,3.59
2023-03-23 06:00:00+08:00,120.6217,3.48
2023-03-24 06:00:00+08:00,119.7587,3.38
2023-03-25 06:00:00+08:00,120.4598,3.38
2023-03-28 06:00:00+08:00,120.2541,3.53
2023-03-29 06:00:00+08:00,119.7138,3.55
2023-03-30 06:00:00+08:00,119.7258,3.57
2023-03-31 06:00:00+08:00,119.4078,3.55
2023-04-01 06:00:00+08:00,119.3602,3.48
2023-04-04 06:00:00+08:00,119.3204,3.43
2023-04-05 06:00:00+08:00,119.142,3.35
2023-04-06 06:00:00+08:00,119.2953,3.3
2023-04-07 06:00:00+08:00,119.3072,3.3
2023-04-08 06:00:00+08:00,119.3547,3.39
2023-04-11 06:00:00+08:00,119.7948,3.41
2023-04-12 06:00:00+08:00,119.5248,3.43
2023-04-13 06:00:00+08:00,119.003,3.41
2023-04-14 06:00:00+08:00,118.3915,3.45
2023-04-15 06:00:00+08:00,118.8567,3.52
2023-04-18 06:00:00+08:00,119.2787,3.6
2023-04-19 06:00:00+08:00,119.1049,3.58
2023-04-20 06:00:00+08:00,119.303,3.6
2023-04-21 06:00:00+08:00,119.1199,3.54
2023-04-22 06:00:00+08:00,119.3117,3.57
2023-04-25 06:00:00+08:00,119.2039,3.52
2023-04-26 06:00:00+08:00,119.613,3.4
2023-04-27 06:00:00+08:00,119.3228,3.43
2023-04-28 06:00:00+08:00,119.4298,3.53
2023-04-29 06:00:00+08:00,119.2248,3.44
2023-05-02 06:00:00+08:00,119.4435,3.59
2023-05-03 06:00:00+08:00,119.6105,3.44
2023-05-04 06:00:00+08:00,119.1233,3.38
2023-05-05 06:00:00+08:00,119.0465,3.37
2023-05-06 06:00:00+08:00,118.5548,3.44
2023-05-09 06:00:00+08:00,118.5759,3.52
2023-05-10 06:00:00+08:00,118.8239,3.53
2023-05-11 06:00:00+08:00,118.5864,3.43
2023-05-12 06:00:00+08:00,119.0303,3.39
2023-05-13 06:00:00+08:00,119.3671,3.46
2023-05-16 06:00:00+08:00,119.1608,3.5
2023-05-17 06:00:00+08:00,119.1743,3.54
2023-05-18 06:00:00+08:00,119.607,3.57
2023-05-19 06:00:00+08:00,120.0886,3.65
2023-05-20 06:00:00+08:00,119.7751,3.7
2023-05-23 06:00:00+08:00,120.0875,3.72
2023-05-24 06:00:00+08:00,120.3204,3.7
2023-05-25 06:00:00+08:00,120.4752,3.73
2023-05-26 06:00:00+08:00,120.8413,3.83
2023-05-27 06:00:00+08:00,120.6304,3.8
2023-05-30 06:00:00+08:00,120.6304,3.8
2023-05-31 06:00:00+08:00,120.5546,3.69
2023-06-01 06:00:00+08:00,120.9662,3.64
2023-06-02 06:00:00+08:00,120.0491,3.61
2023-06-03 06:00:00+08:00,120.0049,3.69
2023-06-06 06:00:00+08:00,120.0048,3.69
2023-06-07 06:00:00+08:00,119.9718,3.7
2023-06-08 06:00:00+08:00,119.859,3.79
2023-06-09 06:00:00+08:00,119.5712,3.73
2023-06-10 06:00:00+08:00,119.4322,3.75
2023-06-13 06:00:00+08:00,119.6376,3.73
2023-06-14 06:00:00+08:00,119.1899,3.84
2023-06-15 06:00:00+08:00,118.776,3.83
2023-06-16 06:00:00+08:00,118.5521,3.72
2023-06-17 06:00:00+08:00,118.4184,3.77
2023-06-20 06:00:00+08:00,118.4184,3.77
2023-06-21 06:00:00+08:00,118.938,3.74
2023-06-22 06:00:00+08:00,118.727,3.72
2023-06-23 06:00:00+08:00,118.7552,3.8
2023-06-24 06:00:00+08:00,119.152,3.74
2023-06-27 06:00:00+08:00,119.0761,3.72
2023-06-28 06:00:00+08:00,118.8949,3.77
2023-06-29 06:00:00+08:00,119.3382,3.71
2023-06-30 06:00:00+08:00,119.527,3.85
2023-07-01 06:00:00+08:00,119.3606,3.81
2023-07-04 06:00:00+08:00,119.2119,3.86
2023-07-05 06:00:00+08:00,119.2119,3.86
2023-07-06 06:00:00+08:00,119.3483,3.95
2023-07-07 06:00:00+08:00,119.8193,4.05
2023-07-08 06:00:00+08:00,119.0761,4.06
2023-07-11 06:00:00+08:00,118.9548,4.01
2023-07-12 06:00:00+08:00,118.7344,3.99
2023-07-13 06:00:00+08:00,117.6385,3.86
2023-07-14 06:00:00+08:00,117.1831,3.76
2023-07-15 06:00:00+08:00,117.0463,3.83
2023-07-18 06:00:00+08:00,117.1267,3.81
2023-07-19 06:00:00+08:00,117.0264,3.8
2023-07-20 06:00:00+08:00,117.3462,3.75
2023-07-21 06:00:00+08:00,117.5947,3.85
2023-07-22 06:00:00+08:00,117.9418,3.84
2023-07-25 06:00:00+08:00,117.8124,3.86
2023-07-26 06:00:00+08:00,117.8565,3.91
2023-07-27 06:00:00+08:00,117.76,3.86
2023-07-28 06:00:00+08:00,117.8938,4.01
2023-07-29 06:00:00+08:00,117.788,3.96
2023-08-01 06:00:00+08:00,117.8241,3.97
2023-08-02 06:00:00+08:00,118.5738,4.05
2023-08-03 06:00:00+08:00,119.1268,4.08
2023-08-04 06:00:00+08:00,119.3963,4.2
2023-08-05 06:00:00+08:00,118.821,4.05
2023-08-08 06:00:00+08:00,119.0809,4.09
2023-08-09 06:00:00+08:00,119.6407,4.02
2023-08-10 06:00:00+08:00,119.476,4.0
2023-08-11 06:00:00+08:00,119.1581,4.09
2023-08-12 06:00:00+08:00,119.6268,4.16
2023-08-15 06:00:00+08:00,120.0725,4.19
2023-08-16 06:00:00+08:00,120.2127,4.21
2023-08-17 06:00:00+08:00,120.3551,4.28
2023-08-18 06:00:00+08:00,120.5242,4.3
2023-08-19 06:00:00+08:00,120.4321,4.26
2023-08-22 06:00:00+08:00,120.4627,4.34
2023-08-23 06:00:00+08:00,120.3554,4.34
2023-08-24 06:00:00+08:00,120.0307,4.19
2023-08-25 06:00:00+08:00,120.2354,4.23
2023-08-26 06:00:00+08:00,120.5137,4.25
2023-08-29 06:00:00+08:00,120.3155,4.2
2023-08-30 06:00:00+08:00,120.2669,4.12
2023-08-31 06:00:00+08:00,119.7937,4.12
2023-09-01 06:00:00+08:00,120.225,4.09
2023-09-02 06:00:00+08:00,120.759,4.18
2023-09-05 06:00:00+08:00,120.759,4.18
2023-09-06 06:00:00+08:00,121.4345,4.27
2023-09-07 06:00:00+08:00,121.8671,4.3
2023-09-08 06:00:00+08:00,121.9528,4.27
2023-09-09 06:00:00+08:00,121.9475,4.26
2023-09-12 06:00:00+08:00,121.3386,4.29
2023-09-13 06:00:00+08:00,121.2913,4.27
2023-09-14 06:00:00+08:00,121.0549,4.25
2023-09-15 06:00:00+08:00,121.2395,4.29
2023-09-16 06:00:00+08:00,121.199,4.33
2023-09-19 06:00:00+08:00,121.1938,4.32
2023-09-20 06:00:00+08:00,121.1645,4.37
2023-09-21 06:00:00+08:00,120.9648,4.35
2023-09-22 06:00:00+08:00,121.5528,4.49
2023-09-23 06:00:00+08:00,121.5306,4.44
2023-09-26 06:00:00+08:00,122.1143,4.55
2023-09-27 06:00:00+08:00,122.4742,4.56
2023-09-28 06:00:00+08:00,122.9895,4.61
2023-09-29 06:00:00+08:00,122.5342,4.59
2023-09-30 06:00:00+08:00,122.3077,4.59
2023-10-03 06:00:00+08:00,123.0545,4.69
2023-10-04 06:00:00+08:00,123.7848,4.81
2023-10-05 06:00:00+08:00,123.5946,4.73
2023-10-06 06:00:00+08:00,123.8993,4.72
2023-10-07 06:00:00+08:00,123.3563,4.78
2023-10-10 06:00:00+08:00,123.3563,4.78
2023-10-11 06:00:00+08:00,122.9282,4.66
2023-10-12 06:00:00+08:00,122.7697,4.58
2023-10-13 06:00:00+08:00,123.2101,4.7
2023-10-14 06:00:00+08:00,123.5954,4.63
2023-10-17 06:00:00+08:00,123.3185,4.71
2023-10-18 06:00:00+08:00,123.1202,4.83
2023-10-19 06:00:00+08:00,123.8148,4.91
2023-10-20 06:00:00+08:00,123.798,4.98
2023-10-21 06:00:00+08:00,123.612,4.93
2023-10-24 06:00:00+08:00,123.2846,4.86
2023-10-25 06:00:00+08:00,123.6416,4.83
2023-10-26 06:00:00+08:00,123.7871,4.95
2023-10-27 06:00:00+08:00,124.0064,4.86
2023-10-28 06:00:00+08:00,123.62,4.84
2023-10-31 06:00:00+08:00,123.4076,4.88
2023-11-01 06:00:00+08:00,123.8364,4.88
2023-11-02 06:00:00+08:00,123.7922,4.77
2023-11-03 06:00:00+08:00,122.8818,4.67
2023-11-04 06:00:00+08:00,121.7564,4.57
2023-11-07 06:00:00+08:00,121.6484,4.67
2023-11-08 06:00:00+08:00,122.0777,4.58
2023-11-09 06:00:00+08:00,122.0926,4.49
2023-11-10 06:00:00+08:00,122.1281,4.62
2023-11-11 06:00:00+08:00,122.1281,4.61
2023-11-14 06:00:00+08:00,122.4264,4.63
2023-11-15 06:00:00+08:00,121.35,4.44
2023-11-16 06:00:00+08:00,121.0749,4.53
2023-11-17 06:00:00+08:00,121.1754,4.45
2023-11-18 06:00:00+08:00,120.8477,4.44
2023-11-21 06:00:00+08:00,120.2533,4.42
2023-11-22 06:00:00+08:00,120.2241,4.41
2023-11-23 06:00:00+08:00,120.6802,4.42
2023-11-24 06:00:00+08:00,120.6802,4.42
2023-11-25 06:00:00+08:00,120.2105,4.47
2023-11-28 06:00:00+08:00,120.173,4.39
2023-11-29 06:00:00+08:00,119.5904,4.34
2023-11-30 06:00:00+08:00,119.8159,4.27
2023-12-01 06:00:00+08:00,120.2434,4.37
2023-12-02 06:00:00+08:00,119.9424,4.22
2023-12-05 06:00:00+08:00,120.4727,4.28
2023-12-06 06:00:00+08:00,120.7913,4.18
2023-12-07 06:00:00+08:00,120.5334,4.12
2023-12-08 06:00:00+08:00,120.6013,4.14
2023-12-09 06:00:00+08:00,120.7607,4.23
2023-12-12 06:00:00+08:00,120.9279,4.23
2023-12-13 06:00:00+08:00,120.6817,4.2
2023-12-14 06:00:00+08:00,121.1571,4.04
2023-12-15 06:00:00+08:00,119.5683,3.92
2023-12-16 06:00:00+08:00,119.7382,3.91
2023-12-19 06:00:00+08:00,119.9102,3.95
2023-12-20 06:00:00+08:00,119.4632,3.93
2023-12-21 06:00:00+08:00,119.5435,3.86
2023-12-22 06:00:00+08:00,119.3168,3.89
2023-12-23 06:00:00+08:00,119.0625,3.9
2023-12-26 06:00:00+08:00,119.0625,3.9
2023-12-27 06:00:00+08:00,118.8875,3.89
2023-12-28 06:00:00+08:00,118.4729,3.79
2023-12-29 06:00:00+08:00,118.4104,3.84
2023-12-30 06:00:00+08:00,118.4208,3.88
2024-01-02 06:00:00+08:00,118.4208,3.88
2024-01-03 06:00:00+08:00,119.2686,3.95
2024-01-04 06:00:00+08:00,119.6958,3.91
2024-01-05 06:00:00+08:00,119.6208,3.99
2024-01-06 06:00:00+08:00,119.388,4.05
2024-01-09 06:00:00+08:00,119.2506,4.01
2024-01-10 06:00:00+08:00,119.6666,4.02
2024-01-11 06:00:00+08:00,119.7614,4.04
2024-01-12 06:00:00+08:00,119.8916,3.98
2024-01-13 06:00:00+08:00,119.534,3.96
2024-01-16 06:00:00+08:00,119.534,3.96
2024-01-17 06:00:00+08:00,120.5759,4.07
2024-01-18 06:00:00+08:00,121.0402,4.1
2024-01-19 06:00:00+08:00,120.8895,4.14
2024-01-20 06:00:00+08:00,120.6442,4.15
2024-01-23 06:00:00+08:00,120.6178,4.11
2024-01-24 06:00:00+08:00,121.1001,4.14
2024-01-25 06:00:00+08:00,120.4916,4.18
2024-01-26 06:00:00+08:00,120.8311,4.14
2024-01-27 06:00:00+08:00,120.6173,4.15
2024-01-30 06:00:00+08:00,120.8538,4.08
2024-01-31 06:00:00+08:00,120.6025,4.06
2024-02-01 06:00:00+08:00,120.4331,3.99
2024-02-02 06:00:00+08:00,120.3335,3.87
2024-02-03 06:00:00+08:00,120.902,4.03
2024-02-06 06:00:00+08:00,121.349,4.17
2024-02-07 06:00:00+08:00,120.9588,4.09
2024-02-08 06:00:00+08:00,120.9049,4.09
2024-02-09 06:00:00+08:00,121.0798,4.15
2024-02-10 06:00:00+08:00,121.039,4.17
2024-02-13 06:00:00+08:00,120.9378,4.17
2024-02-14 06:00:00+08:00,121.5202,4.31
2024-02-15 06:00:00+08:00,121.4002,4.27
2024-02-16 06:00:00+08:00,121.2121,4.24
2024-02-17 06:00:00+08:00,121.1505,4.3
2024-02-20 06:00:00+08:00,121.1505,4.3
2024-02-21 06:00:00+08:00,121.0199,4.27
2024-02-22 06:00:00+08:00,121.0379,4.32
2024-02-23 06:00:00+08:00,121.102,4.33
2024-02-24 06:00:00+08:00,121.0369,4.26
2024-02-27 06:00:00+08:00,121.0592,4.28
2024-02-28 06:00:00+08:00,120.9647,4.31
2024-02-29 06:00:00+08:00,121.128,4.27
2024-03-01 06:00:00+08:00,121.1824,4.25
2024-03-02 06:00:00+08:00,121.0111,4.19
2024-03-05 06:00:00+08:00,120.872,4.22
2024-03-06 06:00:00+08:00,120.8846,4.13
2024-03-07 06:00:00+08:00,120.4649,4.11
2024-03-08 06:00:00+08:00,120.1909,4.09
2024-03-09 06:00:00+08:00,119.975,4.09
2024-03-12 06:00:00+08:00,120.0394,4.1
2024-03-13 06:00:00+08:00,120.1668,4.16
2024-03-14 06:00:00+08:00,119.9642,4.19
2024-03-15 06:00:00+08:00,120.241,4.29
2024-03-16 06:00:00+08:00,120.4003,4.31
2024-03-19 06:00:00+08:00,120.5752,4.34
2024-03-20 06:00:00+08:00,120.9332,4.3
2024-03-21 06:00:00+08:00,120.9289,4.27
2024-03-22 06:00:00+08:00,120.8086,4.27
2024-03-23 06:00:00+08:00,121.1842,4.22
2024-03-26 06:00:00+08:00,121.0295,4.25
2024-03-27 06:00:00+08:00,121.0742,4.24
2024-03-28 06:00:00+08:00,121.0089,4.2
2024-03-29 06:00:00+08:00,121.0635,4.2
2024-03-30 06:00:00+08:00,121.0191,4.2
2024-04-02 06:00:00+08:00,121.5151,4.33
2024-04-03 06:00:00+08:00,121.3035,4.36
2024-04-04 06:00:00+08:00,121.0198,4.36
2024-04-05 06:00:00+08:00,120.7613,4.31
2024-04-06 06:00:00+08:00,120.9646,4.39
2024-04-09 06:00:00+08:00,120.7359,4.42
2024-04-10 06:00:00+08:00,120.7048,4.36
2024-04-11 06:00:00+08:00,121.5727,4.55
2024-04-12 06:00:00+08:00,121.6081,4.56
2024-04-13 06:00:00+08:00,122.2885,4.5
2024-04-16 06:00:00+08:00,122.425,4.63
2024-04-17 06:00:00+08:00,123.1234,4.67
2024-04-18 06:00:00+08:00,123.0207,4.59
2024-04-19 06:00:00+08:00,123.0017,4.64
2024-04-20 06:00:00+08:00,123.1075,4.62
2024-04-23 06:00:00+08:00,123.0609,4.62
2024-04-24 06:00:00+08:00,122.7227,4.61
2024-04-25 06:00:00+08:00,122.89,4.65
2024-04-26 06:00:00+08:00,122.8384,4.7
2024-04-27 06:00:00+08:00,122.9471,4.67
2024-04-30 06:00:00+08:00,122.5449,4.63
2024-05-01 06:00:00+08:00,122.9853,4.69
2024-05-02 06:00:00+08:00,123.0168,4.63
2024-05-03 06:00:00+08:00,122.4384,4.58
2024-05-04 06:00:00+08:00,122.1375,4.5
2024-05-07 06:00:00+08:00,121.8913,4.49
2024-05-08 06:00:00+08:00,122.093,4.47
2024-05-09 06:00:00+08:00,122.1926,4.48
2024-05-10 06:00:00+08:00,122.1634,4.45
2024-05-11 06:00:00+08:00,122.014,4.5
2024-05-14 06:00:00+08:00,122.0261,4.48
2024-05-15 06:00:00+08:00,121.9256,4.45
2024-05-16 06:00:00+08:00,121.3543,4.36
2024-05-17 06:00:00+08:00,121.2236,4.38
2024-05-18 06:00:00+08:00,121.2354,4.42
2024-05-21 06:00:00+08:00,121.2289,4.44
2024-05-22 06:00:00+08:00,121.3793,4.41
2024-05-23 06:00:00+08:00,121.5462,4.43
2024-05-24 06:00:00+08:00,121.7477,4.47
2024-05-25 06:00:00+08:00,121.6172,4.46
2024-05-28 06:00:00+08:00,121.6172,4.46
2024-05-29 06:00:00+08:00,121.43,4.54
2024-05-30 06:00:00+08:00,122.1641,4.61
2024-05-31 06:00:00+08:00,121.9601,4.55
2024-06-01 06:00:00+08:00,122.098,4.51
2024-06-04 06:00:00+08:00,122.3509,4.41
2024-06-05 06:00:00+08:00,122.7256,4.33
2024-06-06 06:00:00+08:00,122.5339,4.29
2024-06-07 06:00:00+08:00,122.3713,4.28
2024-06-08 06:00:00+08:00,123.549,4.43
2024-06-11 06:00:00+08:00,123.9125,4.47
2024-06-12 06:00:00+08:00,124.0349,4.39
2024-06-13 06:00:00+08:00,123.8295,4.31
2024-06-14 06:00:00+08:00,124.0235,4.24
2024-06-15 06:00:00+08:00,124.1694,4.2
2024-06-18 06:00:00+08:00,124.239,4.28
2024-06-19 06:00:00+08:00,123.9776,4.22
2024-06-20 06:00:00+08:00,123.9776,4.22
2024-06-21 06:00:00+08:00,124.192,4.25
2024-06-22 06:00:00+08:00,124.1086,4.25
2024-06-25 06:00:00+08:00,123.7125,4.25
2024-06-26 06:00:00+08:00,123.9417,4.23
2024-06-27 06:00:00+08:00,124.26,4.32
2024-06-28 06:00:00+08:00,124.3379,4.29
2024-06-29 06:00:00+08:00,124.2103,4.36
2024-07-02 06:00:00+08:00,124.4667,4.48
2024-07-03 06:00:00+08:00,124.2917,4.43
2024-07-04 06:00:00+08:00,123.7768,4.36
2024-07-05 06:00:00+08:00,123.7768,4.36
2024-07-06 06:00:00+08:00,123.4762,4.28
2024-07-09 06:00:00+08:00,123.3576,4.28
2024-07-10 06:00:00+08:00,123.4071,4.3
2024-07-11 06:00:00+08:00,123.1895,4.28
2024-07-12 06:00:00+08:00,122.769,4.2
2024-07-13 06:00:00+08:00,122.4404,4.18
2024-07-16 06:00:00+08:00,122.6347,4.23
2024-07-17 06:00:00+08:00,122.7264,4.17
2024-07-18 06:00:00+08:00,122.518,4.16
2024-07-19 06:00:00+08:00,122.7909,4.2
2024-07-20 06:00:00+08:00,123.147,4.25
2024-07-23 06:00:00+08:00,123.2172,4.26
2024-07-24 06:00:00+08:00,123.3843,4.25
2024-07-25 06:00:00+08:00,123.5575,4.28
2024-07-26 06:00:00+08:00,123.5286,4.27
2024-07-27 06:00:00+08:00,123.672,4.2
2024-07-30 06:00:00+08:00,124.1392,4.17
2024-07-31 06:00:00+08:00,124.2855,4.15
2024-08-01 06:00:00+08:00,123.6373,4.09
2024-08-02 06:00:00+08:00,123.8693,3.99
2024-08-03 06:00:00+08:00,123.4681,3.8
2024-08-06 06:00:00+08:00,123.5787,3.78
2024-08-07 06:00:00+08:00,123.6532,3.9
2024-08-08 06:00:00+08:00,123.5698,3.96
2024-08-09 06:00:00+08:00,123.4466,3.99
2024-08-10 06:00:00+08:00,122.9276,3.94
2024-08-13 06:00:00+08:00,123.2204,3.9
2024-08-14 06:00:00+08:00,123.0146,3.85
2024-08-15 06:00:00+08:00,122.4297,3.83
2024-08-16 06:00:00+08:00,122.5844,3.92
2024-08-17 06:00:00+08:00,122.3972,3.89
2024-08-20 06:00:00+08:00,121.8788,3.86
2024-08-21 06:00:00+08:00,121.7728,3.82
2024-08-22 06:00:00+08:00,121.8535,3.79
2024-08-23 06:00:00+08:00,122.3626,3.86
2024-08-24 06:00:00+08:00,121.4597,3.81
2024-08-27 06:00:00+08:00,121.6943,3.82
2024-08-28 06:00:00+08:00,121.8672,3.83
2024-08-29 06:00:00+08:00,121.8943,3.84
2024-08-30 06:00:00+08:00,122.2333,3.87
2024-08-31 06:00:00+08:00,122.3262,3.91
2024-09-03 06:00:00+08:00,122.3262,3.91
2024-09-04 06:00:00+08:00,122.7811,3.84
2024-09-05 06:00:00+08:00,122.5144,3.77
2024-09-06 06:00:00+08:00,122.4533,3.73
2024-09-07 06:00:00+08:00,122.4991,3.72
2024-09-10 06:00:00+08:00,122.7156,3.7
2024-09-11 06:00:00+08:00,123.0071,3.65
2024-09-12 06:00:00+08:00,122.7754,3.65
2024-09-13 06:00:00+08:00,122.4423,3.68
2024-09-14 06:00:00+08:00,121.6551,3.66
2024-09-17 06:00:00+08:00,121.4976,3.63
2024-09-18 06:00:00+08:00,121.6031,3.65
2024-09-19 06:00:00+08:00,121.5618,3.7
2024-09-20 06:00:00+08:00,121.3059,3.73
2024-09-21 06:00:00+08:00,121.4052,3.73
2024-09-24 06:00:00+08:00,121.4303,3.75
2024-09-25 06:00:00+08:00,121.1291,3.74
2024-09-26 06:00:00+08:00,121.4447,3.79
2024-09-27 06:00:00+08:00,121.0785,3.79
2024-09-28 06:00:00+08:00,121.1111,3.75
2024-10-01 06:00:00+08:00,121.2864,3.81
2024-10-02 06:00:00+08:00,121.6881,3.74
2024-10-03 06:00:00+08:00,121.5724,3.79
2024-10-04 06:00:00+08:00,122.1197,3.85
2024-10-05 06:00:00+08:00,122.2197,3.98
2024-10-08 06:00:00+08:00,122.4241,4.03
2024-10-09 06:00:00+08:00,122.6625,4.04
2024-10-10 06:00:00+08:00,122.8821,4.06
2024-10-11 06:00:00+08:00,123.0951,4.09
2024-10-12 06:00:00+08:00,122.9805,4.08
2024-10-15 06:00:00+08:00,122.9805,4.08
2024-10-16 06:00:00+08:00,123.5124,4.03
2024-10-17 06:00:00+08:00,123.9235,4.02
2024-10-18 06:00:00+08:00,124.1122,4.09
2024-10-19 06:00:00+08:00,123.9185,4.08
2024-10-22 06:00:00+08:00,124.4757,4.19
2024-10-23 06:00:00+08:00,124.4107,4.2
2024-10-24 06:00:00+08:00,124.6931,4.24
2024-10-25 06:00:00+08:00,124.5127,4.21
2024-10-26 06:00:00+08:00,124.6105,4.25
2024-10-29 06:00:00+08:00,124.8076,4.28
2024-10-30 06:00:00+08:00,124.8612,4.28
2024-10-31 06:00:00+08:00,124.8153,4.29
2024-11-01 06:00:00+08:00,124.7988,4.28
2024-11-02 06:00:00+08:00,124.8076,4.37
2024-11-05 06:00:00+08:00,124.5903,4.31
2024-11-06 06:00:00+08:00,124.5532,4.26
2024-11-07 06:00:00+08:00,125.7035,4.42
2024-11-08 06:00:00+08:00,124.775,4.31
2024-11-09 06:00:00+08:00,125.5811,4.3
2024-11-12 06:00:00+08:00,125.5811,4.3
2024-11-13 06:00:00+08:00,126.7762,4.43
2024-11-14 06:00:00+08:00,126.9572,4.44
2024-11-15 06:00:00+08:00,127.0015,4.43
2024-11-16 06:00:00+08:00,126.8848,4.43
2024-11-19 06:00:00+08:00,126.6045,4.42
2024-11-20 06:00:00+08:00,126.3994,4.39
2024-11-21 06:00:00+08:00,126.88,4.41
2024-11-22 06:00:00+08:00,127.1047,4.43
2024-11-23 06:00:00+08:00,127.4712,4.41
2024-11-26 06:00:00+08:00,126.9948,4.27
2024-11-27 06:00:00+08:00,127.4301,4.3
2024-11-28 06:00:00+08:00,126.8205,4.25
2024-11-29 06:00:00+08:00,126.8205,4.25
2024-11-30 06:00:00+08:00,126.5798,4.18
2024-12-03 06:00:00+08:00,127.1272,4.19
2024-12-04 06:00:00+08:00,126.9565,4.23
2024-12-05 06:00:00+08:00,126.7574,4.19
2024-12-06 06:00:00+08:00,126.4286,4.17
2024-12-07 06:00:00+08:00,126.688,4.15
2024-12-10 06:00:00+08:00,126.5981,4.2
2024-12-11 06:00:00+08:00,126.957,4.22
2024-12-12 06:00:00+08:00,126.8483,4.26
2024-12-13 06:00:00+08:00,126.9556,4.32
2024-12-14 06:00:00+08:00,127.3096,4.4
2024-12-17 06:00:00+08:00,127.2687,4.39
2024-12-18 06:00:00+08:00,127.5043,4.4
2024-12-19 06:00:00+08:00,127.6418,4.5
2024-12-20 06:00:00+08:00,128.6366,4.57
2024-12-21 06:00:00+08:00,127.893,4.52
2024-12-24 06:00:00+08:00,128.3021,4.59
2024-12-25 06:00:00+08:00,128.3377,4.59
2024-12-26 06:00:00+08:00,128.3377,4.59
2024-12-27 06:00:00+08:00,128.3329,4.58
2024-12-28 06:00:00+08:00,128.45,4.62
2024-12-31 06:00:00+08:00,128.8205,4.55
2025-01-01 06:00:00+08:00,129.2775,4.58
2025-01-02 06:00:00+08:00,129.2775,4.58
2025-01-03 06:00:00+08:00,129.4598,4.57
2025-01-04 06:00:00+08:00,129.4535,4.6
2025-01-07 06:00:00+08:00,128.538,4.62
2025-01-08 06:00:00+08:00,128.613,4.67
2025-01-09 06:00:00+08:00,129.0785,4.67
2025-01-10 06:00:00+08:00,129.2827,4.68
2025-01-11 06:00:00+08:00,129.8664,4.77
2025-01-14 06:00:00+08:00,130.0413,4.79
2025-01-15 06:00:00+08:00,129.3812,4.78
2025-01-16 06:00:00+08:00,129.2092,4.66
2025-01-17 06:00:00+08:00,129.436,4.61
2025-01-18 06:00:00+08:00,129.4859,4.61
2025-01-21 06:00:00+08:00,129.4859,4.61
2025-01-22 06:00:00+08:00,128.4151,4.57
2025-01-23 06:00:00+08:00,128.3402,4.6
2025-01-24 06:00:00+08:00,128.2162,4.65
2025-01-25 06:00:00+08:00,127.4611,4.63
2025-01-28 06:00:00+08:00,128.0912,4.53
2025-01-29 06:00:00+08:00,128.2817,4.55
2025-01-30 06:00:00+08:00,128.3418,4.55
2025-01-31 06:00:00+08:00,128.1004,4.52
2025-02-01 06:00:00+08:00,128.4828,4.58
2025-02-04 06:00:00+08:00,129.109,4.54
2025-02-05 06:00:00+08:00,128.1083,4.52
2025-02-06 06:00:00+08:00,127.9751,4.43
2025-02-07 06:00:00+08:00,128.2017,4.45
2025-02-08 06:00:00+08:00,128.4292,4.49
2025-02-11 06:00:00+08:00,128.6382,4.51
2025-02-12 06:00:00+08:00,128.4322,4.54
2025-02-13 06:00:00+08:00,128.3288,4.62
2025-02-14 06:00:00+08:00,127.8931,4.52
2025-02-15 06:00:00+08:00,127.1491,4.47
2025-02-18 06:00:00+08:00,127.1491,4.47
2025-02-19 06:00:00+08:00,127.2906,4.55
2025-02-20 06:00:00+08:00,127.7317,4.53
2025-02-21 06:00:00+08:00,127.1126,4.5
2025-02-22 06:00:00+08:00,127.1408,4.42
2025-02-25 06:00:00+08:00,127.1921,4.4
2025-02-26 06:00:00+08:00,127.3752,4.3
2025-02-27 06:00:00+08:00,127.2822,4.25
2025-02-28 06:00:00+08:00,127.9704,4.29
2025-03-01 06:00:00+08:00,128.2805,4.24
2025-03-04 06:00:00+08:00,127.75,4.16
2025-03-05 06:00:00+08:00,127.9966,4.22
2025-03-06 06:00:00+08:00,126.504,4.28
2025-03-07 06:00:00+08:00,126.1099,4.29
2025-03-08 06:00:00+08:00,125.9814,4.32
2025-03-11 06:00:00+08:00,126.268,4.22
2025-03-12 06:00:00+08:00,126.0457,4.28
2025-03-13 06:00:00+08:00,125.8664,4.32
2025-03-14 06:00:00+08:00,126.0031,4.27
2025-03-15 06:00:00+08:00,125.6942,4.31
2025-03-18 06:00:00+08:00,125.3688,4.31
2025-03-19 06:00:00+08:00,125.488,4.29
2025-03-20 06:00:00+08:00,125.8006,4.25
2025-03-21 06:00:00+08:00,125.985,4.24
2025-03-22 06:00:00+08:00,126.2679,4.25
2025-03-25 06:00:00+08:00,126.1956,4.34
2025-03-26 06:00:00+08:00,126.0535,4.31
2025-03-27 06:00:00+08:00,126.2364,4.35
2025-03-28 06:00:00+08:00,126.3626,4.38
2025-03-29 06:00:00+08:00,126.4187,4.27
2025-04-01 06:00:00+08:00,126.7075,4.23
2025-04-02 06:00:00+08:00,126.4338,4.17
2025-04-03 06:00:00+08:00,126.3811,4.2
2025-04-04 06:00:00+08:00,124.7316,4.06
2025-04-05 06:00:00+08:00,125.8129,4.01
2025-04-08 06:00:00+08:00,126.8282,4.15
2025-04-09 06:00:00+08:00,126.8668,4.26
2025-04-10 06:00:00+08:00,126.628,4.34
2025-04-11 06:00:00+08:00,125.089,4.4
2025-04-12 06:00:00+08:00,124.0163,4.48
2025-04-15 06:00:00+08:00,123.6598,4.38
2025-04-16 06:00:00+08:00,123.776,4.35
2025-04-17 06:00:00+08:00,123.2724,4.29
2025-04-18 06:00:00+08:00,123.1298,4.34
2025-04-19 06:00:00+08:00,122.9865,4.34
2025-04-22 06:00:00+08:00,122.3145,4.42
2025-04-23 06:00:00+08:00,122.4175,4.41
2025-04-24 06:00:00+08:00,123.0252,4.4
2025-04-25 06:00:00+08:00,122.9251,4.32
2025-04-26 06:00:00+08:00,122.8858,4.29
2025-04-29 06:00:00+08:00,122.7176,4.23
2025-04-30 06:00:00+08:00,122.5944,4.19
2025-05-01 06:00:00+08:00,122.5921,4.17
2025-05-02 06:00:00+08:00,123.1405,4.25
2025-05-03 06:00:00+08:00,122.4962,4.33
2025-05-06 06:00:00+08:00,122.2613,4.36
2025-05-07 06:00:00+08:00,122.0417,4.3
2025-05-08 06:00:00+08:00,122.117,4.26
2025-05-09 06:00:00+08:00,122.7568,4.37
2025-05-10 06:00:00+08:00,122.5191,4.37
2025-05-13 06:00:00+08:00,123.4863,4.45
2025-05-14 06:00:00+08:00,122.9583,4.49
2025-05-15 06:00:00+08:00,122.6746,4.53
2025-05-16 06:00:00+08:00,122.8174,4.45
2025-05-17 06:00:00+08:00,123.0737,4.43
2025-05-20 06:00:00+08:00,122.4186,4.46
2025-05-21 06:00:00+08:00,122.3199,4.48
2025-05-22 06:00:00+08:00,121.7496,4.58
2025-05-23 06:00:00+08:00,122.0429,4.54
2025-05-24 06:00:00+08:00,121.3837,4.51
2025-05-27 06:00:00+08:00,121.3837,4.51
2025-05-28 06:00:00+08:00,121.6099,4.43
2025-05-29 06:00:00+08:00,121.9888,4.47
2025-05-30 06:00:00+08:00,121.5617,4.43
2025-05-31 06:00:00+08:00,121.7674,4.41
2025-06-03 06:00:00+08:00,121.1881,4.46
2025-06-04 06:00:00+08:00,121.4592,4.46
2025-06-05 06:00:00+08:00,121.0539,4.37
2025-06-06 06:00:00+08:00,120.9596,4.4
2025-06-07 06:00:00+08:00,121.161,4.51
2025-06-10 06:00:00+08:00,120.9103,4.49
2025-06-11 06:00:00+08:00,121.0485,4.47
2025-06-12 06:00:00+08:00,120.587,4.41
2025-06-13 06:00:00+08:00,120.1723,4.36
2025-06-14 06:00:00+08:00,120.3245,4.41
2025-06-17 06:00:00+08:00,120.1565,4.46
2025-06-18 06:00:00+08:00,120.5048,4.39
2025-06-19 06:00:00+08:00,120.7305,4.38
2025-06-20 06:00:00+08:00,120.7305,4.38
2025-06-21 06:00:00+08:00,121.0408,4.38
2025-06-24 06:00:00+08:00,121.1694,4.34
2025-06-25 06:00:00+08:00,120.3645,4.3
2025-06-26 06:00:00+08:00,120.3336,4.29
2025-06-27 06:00:00+08:00,119.6451,4.26
2025-06-28 06:00:00+08:00,119.659,4.29
2025-07-01 06:00:00+08:00,119.4088,4.24
2025-07-02 06:00:00+08:00,119.3436,4.26
2025-07-03 06:00:00+08:00,119.3037,4.3
2025-07-04 06:00:00+08:00,119.2382,4.35
2025-07-05 06:00:00+08:00,119.2382,4.35
2025-07-08 06:00:00+08:00,119.6201,4.4
2025-07-09 06:00:00+08:00,119.8371,4.42
2025-07-10 06:00:00+08:00,119.7311,4.34
2025-07-11 06:00:00+08:00,119.8343,4.35
2025-07-12 06:00:00+08:00,119.9214,4.43
2025-07-15 06:00:00+08:00,120.2209,4.43
2025-07-16 06:00:00+08:00,120.5105,4.5
2025-07-17 06:00:00+08:00,120.4175,4.46
2025-07-18 06:00:00+08:00,120.6384,4.47
2025-07-19 06:00:00+08:00,120.356,4.44
2025-07-22 06:00:00+08:00,119.9961,4.38
2025-07-23 06:00:00+08:00,119.681,4.35
2025-07-24 06:00:00+08:00,119.5697,4.4
2025-07-25 06:00:00+08:00,119.5664,4.43
2025-07-26 06:00:00+08:00,119.9857,4.4
2025-07-29 06:00:00+08:00,120.6149,4.42
2025-07-30 06:00:00+08:00,120.9674,4.34
2025-07-31 06:00:00+08:00,121.4042,4.38
2025-08-01 06:00:00+08:00,121.721,4.37
2025-08-02 06:00:00+08:00,121.2122,4.23
2025-08-05 06:00:00+08:00,120.9859,4.22
2025-08-06 06:00:00+08:00,120.9082,4.22
2025-08-07 06:00:00+08:00,120.5082,4.22
2025-08-08 06:00:00+08:00,120.5043,4.23
2025-08-09 06:00:00+08:00,120.3329,4.27
2025-08-12 06:00:00+08:00,120.6892,4.27
2025-08-13 06:00:00+08:00,120.2736,4.29
2025-08-14 06:00:00+08:00,120.13,4.24
2025-08-15 06:00:00+08:00,120.6446,4.29
2025-08-16 06:00:00+08:00,120.3377,4.33
2025-08-19 06:00:00+08:00,120.5622,4.34
2025-08-20 06:00:00+08:00,120.7224,4.3
2025-08-21 06:00:00+08:00,120.7757,4.29
2025-08-22 06:00:00+08:00,121.0843,4.33
2025-08-23 06:00:00+08:00,120.2774,4.26
2025-08-26 06:00:00+08:00,120.4214,4.28
2025-08-27 06:00:00+08:00,120.5274,4.26
2025-08-28 06:00:00+08:00,120.7274,4.24
2025-08-29 06:00:00+08:00,120.2595,4.22
2025-08-30 06:00:00+08:00,120.2082,4.23
2025-09-02 06:00:00+08:00,120.2082,4.23
2025-09-03 06:00:00+08:00,120.6837,4.28
2025-09-04 06:00:00+08:00,120.5052,4.22
2025-09-05 06:00:00+08:00,120.7629,4.17
2025-09-06 06:00:00+08:00,120.1282,4.1
2025-09-09 06:00:00+08:00,120.0971,4.05
2025-09-10 06:00:00+08:00,120.1569,4.08
2025-09-11 06:00:00+08:00,120.1223,4.04
2025-09-12 06:00:00+08:00,119.9534,4.01
2025-09-13 06:00:00+08:00,120.0611,4.06
2025-09-16 06:00:00+08:00,119.5644,4.05
2025-09-17 06:00:00+08:00,119.1348,4.04
2025-09-18 06:00:00+08:00,119.1582,4.06
2025-09-19 06:00:00+08:00,119.6616,4.11
2025-09-20 06:00:00+08:00,119.7858,4.14
2025-09-23 06:00:00+08:00,119.8152,4.15
2025-09-24 06:00:00+08:00,119.6202,4.12
2025-09-25 06:00:00+08:00,120.1707,4.16
2025-09-26 06:00:00+08:00,120.5419,4.18
2025-09-27 06:00:00+08:00,120.4349,4.2
2025-09-30 06:00:00+08:00,120.115,4.15
2025-10-01 06:00:00+08:00,120.1368,4.16
2025-10-02 06:00:00+08:00,120.1502,4.12
2025-10-03 06:00:00+08:00,120.4296,4.1
2025-10-04 06:00:00+08:00,120.0881,4.13
2025-10-07 06:00:00+08:00,120.2722,4.18
2025-10-08 06:00:00+08:00,120.4884,4.14
2025-10-09 06:00:00+08:00,120.7766,4.13
2025-10-10 06:00:00+08:00,121.0902,4.14
2025-10-11 06:00:00+08:00,121.1163,4.05
2025-10-14 06:00:00+08:00,121.1163,4.05
2025-10-15 06:00:00+08:00,121.1822,4.03
2025-10-16 06:00:00+08:00,120.8642,4.05
2025-10-17 06:00:00+08:00,120.6698,3.99
2025-10-18 06:00:00+08:00,120.7028,4.02
2025-10-21 06:00:00+08:00,120.6209,4.0
2025-10-22 06:00:00+08:00,120.8895,3.98
2025-10-23 06:00:00+08:00,120.8958,3.97
2025-10-24 06:00:00+08:00,120.9531,4.01
2025-10-25 06:00:00+08:00,120.9345,4.02
2025-10-28 06:00:00+08:00,120.7988,4.01
2025-10-29 06:00:00+08:00,120.6361,3.99
2025-10-30 06:00:00+08:00,120.5312,4.08
2025-10-31 06:00:00+08:00,121.2832,4.11
2025-11-01 06:00:00+08:00,121.3859,4.11
2025-11-04 06:00:00+08:00,121.4512,4.13
2025-11-05 06:00:00+08:00,121.8271,4.1
2025-11-06 06:00:00+08:00,121.8482,4.17
2025-11-07 06:00:00+08:00,121.6948,4.11
2025-11-08 06:00:00+08:00,121.388,4.11
2025-11-11 06:00:00+08:00,121.2984,4.13
2025-11-12 06:00:00+08:00,121.2984,4.13
2025-11-13 06:00:00+08:00,121.0458,4.08
2025-11-14 06:00:00+08:00,120.7725,4.11
2025-11-15 06:00:00+08:00,120.9666,4.14
2025-11-18 06:00:00+08:00,121.1146,4.13
2025-11-19 06:00:00+08:00,121.2127,4.12
2025-11-20 06:00:00+08:00,121.4978,4.13
2025-11-21 06:00:00+08:00,121.6889,4.1
2025-11-22 06:00:00+08:00,121.8653,4.06
2025-11-25 06:00:00+08:00,121.9171,4.04
2025-11-26 06:00:00+08:00,121.6335,4.01
2025-11-27 06:00:00+08:00,121.2437,4.0
2025-11-28 06:00:00+08:00,121.2437,4.0
2025-11-29 06:00:00+08:00,121.0527,4.02
2025-12-02 06:00:00+08:00,120.9862,4.09
2025-12-03 06:00:00+08:00,121.1467,4.09
2025-12-04 06:00:00+08:00,120.7336,4.06
2025-12-05 06:00:00+08:00,120.6766,4.11
2025-12-06 06:00:00+08:00,120.6863,4.14
2025-12-09 06:00:00+08:00,120.776,4.17
2025-12-10 06:00:00+08:00,120.6832,4.18
2025-12-11 06:00:00+08:00,120.6752,4.13
2025-12-12 06:00:00+08:00,119.98,4.14
2025-12-13 06:00:00+08:00,120.1442,4.19
2025-12-16 06:00:00+08:00,119.9561,4.18
2025-12-17 06:00:00+08:00,119.8902,4.15
2025-12-18 06:00:00+08:00,120.155,4.16
2025-12-19 06:00:00+08:00,120.0528,4.12
2025-12-20 06:00:00+08:00,120.1652,4.16
2025-12-23 06:00:00+08:00,119.9912,4.17
2025-12-24 06:00:00+08:00,119.7057,4.18
2025-12-25 06:00:00+08:00,119.4372,4.15
2025-12-26 06:00:00+08:00,119.4372,4.15
2025-12-27 06:00:00+08:00,119.4723,4.14
2025-12-30 06:00:00+08:00,119.5899,4.12
2025-12-31 06:00:00+08:00,119.4939,4.14
2026-01-01 06:00:00+08:00,119.7456,4.18
2026-01-02 06:00:00+08:00,119.7456,4.18
2026-01-03 06:00:00+08:00,119.6059,4.19
2026-01-06 06:00:00+08:00,119.6192,4.17
2026-01-07 06:00:00+08:00,119.7807,4.18
2026-01-08 06:00:00+08:00,119.8719,4.15
2026-01-09 06:00:00+08:00,120.0904,4.19
2026-01-10 06:00:00+08:00,120.2215,4.18
2026-01-13 06:00:00+08:00,119.9958,4.19
2026-01-14 06:00:00+08:00,120.1401,4.18
2026-01-15 06:00:00+08:00,119.9537,4.15
2026-01-16 06:00:00+08:00,119.9951,4.17
2026-01-17 06:00:00+08:00,120.0838,4.24
2026-01-20 06:00:00+08:00,120.0838,4.24
2026-01-21 06:00:00+08:00,119.4455,4.3
2026-01-22 06:00:00+08:00,119.3431,4.26
2026-01-23 06:00:00+08:00,119.1962,4.26
2026-01-24 06:00:00+08:00,118.8976,4.24
2026-01-27 06:00:00+08:00,118.0525,4.22
2026-01-28 06:00:00+08:00,117.4523,4.24
2026-01-29 06:00:00+08:00,117.5117,4.26
2026-01-30 06:00:00+08:00,117.4396,4.24
2026-01-31 06:00:00+08:00,117.8996,4.26
2026-02-03 06:00:00+08:00,118.3609,4.29
2026-02-04 06:00:00+08:00,117.9764,4.28
2026-02-05 06:00:00+08:00,118.2602,4.29
2026-02-06 06:00:00+08:00,118.5034,4.21
2026-02-07 06:00:00+08:00,118.2407,4.22
2026-02-10 06:00:00+08:00,117.6392,4.22
2026-02-11 06:00:00+08:00,117.5216,4.16
2026-02-12 06:00:00+08:00,117.4601,4.18
2026-02-13 06:00:00+08:00,117.5376,4.09
2026-02-14 06:00:00+08:00,117.5258,4.04
2026-02-17 06:00:00+08:00,117.5258,4.04
2026-02-18 06:00:00+08:00,117.7375,4.05
2026-02-19 06:00:00+08:00,117.8426,4.09
2026-02-20 06:00:00+08:00,118.2354,4.08
2026-02-21 06:00:00+08:00,117.9917,4.08
2026-02-24 06:00:00+08:00,117.9395,4.03
2026-02-25 06:00:00+08:00,117.9463,4.04
2026-02-26 06:00:00+08:00,117.769,4.05
2026-02-27 06:00:00+08:00,117.9042,4.02
2026-02-28 06:00:00+08:00,117.8223,3.97
2026-03-03 06:00:00+08:00,118.667,4.05
2026-03-04 06:00:00+08:00,119.4341,4.06
2026-03-05 06:00:00+08:00,119.0705,4.09
2026-03-06 06:00:00+08:00,119.5683,4.13
2026-03-07 06:00:00+08:00,119.491,4.15
2026-03-10 06:00:00+08:00,119.5151,4.12
2026-03-11 06:00:00+08:00,118.7255,4.15
2026-03-12 06:00:00+08:00,119.2885,4.21
2026-03-13 06:00:00+08:00,119.8227,4.27
2026-03-14 06:00:00+08:00,120.5518,4.28
2026-03-17 06:00:00+08:00,120.097,4.23
2026-03-18 06:00:00+08:00,119.8328,4.2
2026-03-19 06:00:00+08:00,119.9276,4.26
2026-03-20 06:00:00+08:00,120.1802,4.25
2026-03-21 06:00:00+08:00,120.2757,4.39
2026-03-24 06:00:00+08:00,119.9371,4.34
2026-03-25 06:00:00+08:00,120.1295,4.39
2026-03-26 06:00:00+08:00,120.1282,4.33
2026-03-27 06:00:00+08:00,120.389,4.42
2026-03-28 06:00:00+08:00,120.8851,4.44
2026-03-31 06:00:00+08:00,121.2851,4.35
2026-04-01 06:00:00+08:00,121.035,4.3
2026-04-02 06:00:00+08:00,120.1198,4.33
2026-04-03 06:00:00+08:00,120.503,4.31
2026-04-04 06:00:00+08:00,120.6565,4.35
2026-04-07 06:00:00+08:00,120.4302,4.34
2026-04-08 06:00:00+08:00,120.32,4.33
2026-04-09 06:00:00+08:00,119.0596,4.29
2026-04-10 06:00:00+08:00,118.8998,4.29
2026-04-11 06:00:00+08:00,118.8552,4.31
2026-04-14 06:00:00+08:00,118.9916,4.3
2026-04-15 06:00:00+08:00,118.3581,4.26
2026-04-16 06:00:00+08:00,118.3623,4.29
2026-04-17 06:00:00+08:00,118.3616,4.32
2026-04-18 06:00:00+08:00,118.0795,4.26
2026-04-21 06:00:00+08:00,118.2374,4.26
2026-04-22 06:00:00+08:00,118.4331,4.3
2026-04-23 06:00:00+08:00,118.6004,4.3
2026-04-24 06:00:00+08:00,118.7155,4.34
2026-04-25 06:00:00+08:00,118.7294,4.31
2026-04-28 06:00:00+08:00,118.5458,4.35
2026-04-29 06:00:00+08:00,118.7717,4.36
2026-04-30 06:00:00+08:00,119.0975,4.42
2026-05-01 06:00:00+08:00,118.671,4.4
2026-05-02 06:00:00+08:00,118.3926,4.39
2026-05-05 06:00:00+08:00,118.8264,4.45
2026-05-06 06:00:00+08:00,118.6207,4.43
2026-05-07 06:00:00+08:00,118.0982,4.36
2026-05-08 06:00:00+08:00,118.0116,4.41
2026-05-09 06:00:00+08:00,118.0392,4.38
2026-05-12 06:00:00+08:00,118.0562,4.42
2026-05-13 06:00:00+08:00,118.5238,4.46
2026-05-14 06:00:00+08:00,118.4737,4.46
2026-05-15 06:00:00+08:00,118.6696,4.47
2026-05-16 06:00:00+08:00,119.2825,4.59
